kind,slug,reference,released,surprise,move_bp
cpi,sep-2019,2019-09,2019-10-30,0.0,-3.1999999999999917
cpi,dec-2019,2019-12,2020-01-29,0.0,5.000000000000004
cpi,mar-2020,2020-03,2020-04-29,0.09999999999999998,-0.40000000000000036
cpi,jun-2020,2020-06,2020-07-29,-0.5,-0.40000000000000036
cpi,sep-2020,2020-09,2020-10-28,0.3,0.8000000000000007
cpi,dec-2020,2020-12,2021-01-27,0.2,0.30000000000000027
cpi,mar-2021,2021-03,2021-04-28,-0.2,0.30000000000000027
cpi,jun-2021,2021-06,2021-07-28,0.2,-1.200000000000001
cpi,sep-2021,2021-09,2021-10-27,0.30000000000000004,14.600000000000001
cpi,dec-2021,2021-12,2022-01-25,0.19999999999999996,5.499999999999994
cpi,mar-2022,2022-03,2022-04-27,0.5,2.7000000000000135
cpi,jun-2022,2022-06,2022-07-27,0.10000000000000009,-11.800000000000033
cpi,sep-quarter-2022,2022-09,2022-10-26,0.19999999999999996,-8.299999999999974
cpi,dec-quarter-2022,2022-12,2023-01-25,-0.10000000000000009,9.399999999999986
cpi,mar-quarter-2023,2023-03,2023-04-26,-0.5,-17.600000000000016
cpi,jun-quarter-2023,2023-06,2023-07-26,-0.29999999999999993,-7.299999999999995
cpi,sep-quarter-2023,2023-09,2023-10-25,0.29999999999999993,9.90000000000002
cpi,dec-quarter-2023,2023-12,2024-01-31,-0.29999999999999993,-14.900000000000002
cpi,mar-quarter-2024,2024-03,2024-04-24,0.09999999999999998,18.49999999999996
cpi,jun-quarter-2024,2024-06,2024-07-31,-0.09999999999999998,-22.40000000000002
cpi,sep-quarter-2024,2024-09,2024-10-30,-0.09999999999999998,1.6999999999999904
cpi,dec-quarter-2024,2024-12,2025-01-29,-0.30000000000000004,-6.199999999999983
cpi,mar-quarter-2025,2025-03,2025-04-30,0.19999999999999996,-0.09999999999998899
cpi,jun-quarter-2025,2025-06,2025-07-30,-0.09999999999999998,-6.599999999999984
cpi,sep-quarter-2025,2025-09,2025-10-29,0.4,11.899999999999977
cpi,oct-2025,2025-10,2025-11-26,,14.300000000000024
cpi,dec-2025,2025-12,2026-01-28,-0.09999999999999998,-4.600000000000026
cpi,jan-2026,2026-01,2026-02-25,,3.500000000000014
cpi,feb-2026,2026-02,2026-03-25,,-11.099999999999977
cpi,mar-2026,2026-03,2026-04-29,-0.09999999999999998,-4.0000000000000036
cpi,apr-2026,2026-04,2026-05-27,,-5.299999999999994
cpi,may-2026,2026-05,2026-06-24,,0.5000000000000782
cpi,jun-2026,2026-06,2026-07-29,0.0,-7.30000000000004
cpi,jul-2026,2026-07,2026-08-26,,4.800000000000004
labour,dec-2019,2019-12,2020-01-23,-0.20000000000000018,2.8000000000000025
labour,jan-2020,2020-01,2020-02-20,0.2999999999999998,-4.0999999999999925
labour,feb-2020,2020-02,2020-03-19,-0.20000000000000018,-15.199999999999998
labour,mar-2020,2020-03,2020-04-16,0.10000000000000053,-1.8000000000000016
labour,apr-2020,2020-04,2020-05-14,1.0999999999999996,-0.10000000000000009
labour,may-2020,2020-05,2020-06-18,0.7000000000000002,-0.6000000000000005
labour,jun-2020,2020-06,2020-07-16,0.40000000000000036,0.0
labour,jul-2020,2020-07,2020-08-13,0.0,-0.40000000000000036
labour,aug-2020,2020-08,2020-09-17,-0.6000000000000005,-0.7000000000000006
labour,sep-2020,2020-09,2020-10-15,0.10000000000000053,-1.0000000000000009
labour,oct-2020,2020-10,2020-11-19,0.0,0.0
labour,nov-2020,2020-11,2020-12-17,-0.10000000000000053,0.0
labour,dec-2020,2020-12,2021-01-21,-0.20000000000000018,0.0
labour,jan-2021,2021-01,2021-02-18,-0.2999999999999998,0.0
labour,feb-2021,2021-02,2021-03-18,-0.39999999999999947,1.1999999999999997
labour,mar-2021,2021-03,2021-04-15,-0.20000000000000018,0.10000000000000009
labour,apr-2021,2021-04,2021-05-20,-0.20000000000000018,0.10000000000000009
labour,may-2021,2021-05,2021-06-17,-0.40000000000000036,5.3999999999999995
labour,jun-2021,2021-06,2021-07-15,-0.09999999999999964,-1.200000000000001
labour,jul-2021,2021-07,2021-08-19,-0.2999999999999998,-1.7000000000000002
labour,aug-2021,2021-08,2021-09-16,-0.10000000000000053,1.9999999999999991
labour,sep-2021,2021-09,2021-10-14,0.10000000000000053,0.30000000000000027
labour,oct-2021,2021-10,2021-11-11,0.5,12.3
labour,nov-2021,2021-11,2021-12-16,-0.6000000000000005,6.499999999999995
labour,dec-2021,2021-12,2022-01-20,-0.39999999999999947,3.8000000000000034
labour,jan-2022,2022-01,2022-02-17,0.0,-3.400000000000003
labour,feb-2022,2022-02,2022-03-17,-0.20000000000000018,6.600000000000006
labour,mar-2022,2022-03,2022-04-14,0.0,-12.599999999999989
labour,apr-2022,2022-04,2022-05-19,-0.10000000000000009,-4.1999999999999815
labour,may-2022,2022-05,2022-06-16,0.10000000000000009,-19.599999999999973
labour,jun-2022,2022-06,2022-07-14,-0.3999999999999999,11.399999999999988
labour,jul-2022,2022-07,2022-08-18,-0.10000000000000009,4.800000000000004
labour,aug-2022,2022-08,2022-09-15,0.0,7.899999999999974
labour,sep-2022,2022-09,2022-10-20,0.10000000000000009,11.60000000000001
labour,oct-2022,2022-10,2022-11-17,-0.20000000000000018,-6.500000000000039
labour,nov-2022,2022-11,2022-12-15,0.10000000000000009,7.900000000000018
labour,dec-2022,2022-12,2023-01-19,0.0,-20.599999999999994
labour,jan-2023,2023-01,2023-02-16,0.20000000000000018,-1.9000000000000128
labour,feb-2023,2023-02,2023-03-16,-0.10000000000000009,-23.0
labour,mar-2023,2023-03,2023-04-13,0.0,3.699999999999992
labour,apr-2023,2023-04,2023-05-18,0.10000000000000009,7.900000000000018
labour,may-2023,2023-05,2023-06-15,-0.10000000000000009,9.299999999999953
labour,jun-2023,2023-06,2023-07-20,-0.10000000000000009,11.7
labour,jul-2023,2023-07,2023-08-17,0.20000000000000018,5.799999999999983
labour,aug-2023,2023-08,2023-09-14,0.0,-2.400000000000002
labour,sep-2023,2023-09,2023-10-19,-0.10000000000000009,6.500000000000039
labour,oct-2023,2023-10,2023-11-16,0.19999999999999973,0.0
labour,nov-2023,2023-11,2023-12-14,0.10000000000000009,-18.69999999999998
labour,dec-2023,2023-12,2024-01-18,0.10000000000000009,5.800000000000027
labour,jan-2024,2024-01,2024-02-15,0.09999999999999964,-12.800000000000011
labour,feb-2024,2024-02,2024-03-21,-0.39999999999999947,4.800000000000004
labour,mar-2024,2024-03,2024-04-18,0.19999999999999973,-8.099999999999996
labour,apr-2024,2024-04,2024-05-16,0.19999999999999973,-12.1
labour,may-2024,2024-05,2024-06-13,-0.09999999999999964,-6.299999999999972
labour,jun-2024,2024-06,2024-07-18,0.09999999999999964,1.6000000000000014
labour,jul-2024,2024-07,2024-08-15,0.10000000000000053,-3.200000000000003
labour,aug-2024,2024-08,2024-09-19,-0.10000000000000053,7.099999999999973
labour,sep-2024,2024-09,2024-10-17,-0.09999999999999964,5.500000000000016
labour,oct-2024,2024-10,2024-11-14,0.09999999999999964,-1.1999999999999567
labour,nov-2024,2024-11,2024-12-12,-0.19999999999999973,10.599999999999987
labour,dec-2024,2024-12,2025-01-16,0.10000000000000009,-9.40000000000003
labour,jan-2025,2025-01,2025-02-20,0.09999999999999964,0.9000000000000341
labour,feb-2025,2025-02,2025-03-20,0.0,-4.899999999999993
labour,mar-2025,2025-03,2025-04-17,0.0,-0.7000000000000117
labour,apr-2025,2025-04,2025-05-15,0.0,5.499999999999972
labour,may-2025,2025-05,2025-06-19,0.0,-1.0999999999999677
labour,jun-2025,2025-06,2025-07-17,0.20000000000000018,-8.899999999999997
labour,jul-2025,2025-07,2025-08-14,0.0,-1.6000000000000014
labour,aug-2025,2025-08,2025-09-18,-0.09999999999999964,-3.4000000000000252
labour,sep-2025,2025-09,2025-10-16,0.20000000000000018,-8.999999999999986
labour,oct-2025,2025-10,2025-11-13,-0.10000000000000053,10.199999999999987
labour,nov-2025,2025-11,2025-12-11,0.0,-8.899999999999952
labour,dec-2025,2025-12,2026-01-22,-0.20000000000000018,6.599999999999984
labour,jan-2026,2026-01,2026-02-19,0.0,7.79999999999994
labour,feb-2026,2026-02,2026-03-19,0.20000000000000018,11.000000000000032
labour,mar-2026,2026-03,2026-04-16,0.0,2.400000000000002
labour,apr-2026,2026-04,2026-05-21,0.20000000000000018,-10.199999999999942
labour,may-2026,2026-05,2026-06-25,-0.09999999999999964,-3.6000000000000476
labour,jun-2026,2026-06,2026-07-23,0.0,4.899999999999949
labour,jul-2026,2026-07,2026-08-20,0.09999999999999964,-3.900000000000059
