meeting,effective,implied_rate,change_bp,prob_25bp,cum_bp,method,contract
2026-11-03,2026-11-04,4.6667,6.7,0.267,6.7,in-month,2026-11
2026-12-08,2026-12-09,4.71,4.3,0.173,11.0,clean-month,2027-01
2027-02-09,2027-02-10,4.7911,8.1,0.324,19.1,in-month,2027-02
2027-03-23,2027-03-24,4.83,3.9,0.156,23.0,clean-month,2027-04
2027-05-04,2027-05-05,4.8759,4.6,0.184,27.6,in-month,2027-05
2027-06-22,2027-06-23,4.87,-0.6,-0.024,27.0,clean-month,2027-07
2027-08-10,2027-08-11,4.8626,-0.7,-0.03,26.3,in-month,2027-08
2027-09-28,2027-09-29,4.86,-0.3,-0.01,26.0,clean-month,2027-10
2027-11-02,2027-11-03,4.8439,-1.6,-0.064,24.4,in-month,2027-11
2027-12-14,2027-12-15,4.825,-1.9,-0.076,22.5,clean-month,2028-01
