meeting,outcome,p_cut,p_hold,p_hike,base_cut,base_hold,base_hike
2010-02-02,1,0.0517,0.7226,0.2257,0.0985,0.75,0.1515
2010-03-02,2,0.0607,0.7368,0.2026,0.0985,0.75,0.1515
2010-04-06,2,0.0608,0.737,0.2022,0.0985,0.75,0.1515
2010-05-04,2,0.0425,0.7028,0.2547,0.0985,0.75,0.1515
2010-06-01,1,0.0393,0.6941,0.2666,0.0985,0.75,0.1515
2010-07-06,1,0.0505,0.7203,0.2293,0.0985,0.75,0.1515
2010-08-03,1,0.0478,0.715,0.2372,0.0985,0.75,0.1515
2010-09-07,1,0.0407,0.6979,0.2614,0.0985,0.75,0.1515
2010-10-05,1,0.0521,0.7233,0.2246,0.0985,0.75,0.1515
2010-11-02,2,0.0407,0.6978,0.2616,0.0985,0.75,0.1515
2010-12-07,1,0.0344,0.6786,0.287,0.0985,0.75,0.1515
2011-02-01,1,0.0232,0.6298,0.347,0.0909,0.7413,0.1678
2011-03-01,1,0.0204,0.6125,0.3671,0.0909,0.7413,0.1678
2011-04-05,1,0.0203,0.6122,0.3675,0.0909,0.7413,0.1678
2011-05-03,1,0.0205,0.6131,0.3665,0.0909,0.7413,0.1678
2011-06-07,1,0.018,0.5957,0.3863,0.0909,0.7413,0.1678
2011-07-05,1,0.0181,0.5963,0.3856,0.0909,0.7413,0.1678
2011-08-02,1,0.0236,0.6322,0.3442,0.0909,0.7413,0.1678
2011-09-06,1,0.0185,0.5994,0.3821,0.0909,0.7413,0.1678
2011-10-04,1,0.0145,0.5651,0.4205,0.0909,0.7413,0.1678
2011-11-01,0,0.0142,0.563,0.4228,0.0909,0.7413,0.1678
2011-12-06,0,0.0145,0.5652,0.4204,0.0909,0.7413,0.1678
2012-02-07,1,0.0825,0.7481,0.1694,0.0974,0.7468,0.1558
2012-03-06,1,0.084,0.749,0.167,0.0974,0.7468,0.1558
2012-04-03,1,0.0826,0.7482,0.1692,0.0974,0.7468,0.1558
2012-05-01,0,0.0827,0.7482,0.1691,0.0974,0.7468,0.1558
2012-06-05,0,0.0674,0.7348,0.1977,0.0974,0.7468,0.1558
2012-07-03,1,0.0664,0.7336,0.2001,0.0974,0.7468,0.1558
2012-08-07,1,0.0472,0.7021,0.2507,0.0974,0.7468,0.1558
2012-09-04,1,0.0473,0.7023,0.2504,0.0974,0.7468,0.1558
2012-10-02,0,0.0478,0.7034,0.2488,0.0974,0.7468,0.1558
2012-11-06,1,0.0711,0.7387,0.1902,0.0974,0.7468,0.1558
2012-12-04,0,0.0718,0.7395,0.1887,0.0974,0.7468,0.1558
2013-02-05,1,0.1691,0.7377,0.0931,0.1152,0.7394,0.1455
2013-03-05,1,0.1682,0.7381,0.0938,0.1152,0.7394,0.1455
2013-04-02,1,0.1671,0.7384,0.0945,0.1152,0.7394,0.1455
2013-05-07,0,0.1572,0.7414,0.1014,0.1152,0.7394,0.1455
2013-06-04,1,0.1562,0.7416,0.1022,0.1152,0.7394,0.1455
2013-07-02,1,0.1552,0.7419,0.1029,0.1152,0.7394,0.1455
2013-08-06,0,0.1757,0.7354,0.0889,0.1152,0.7394,0.1455
2013-09-03,1,0.1697,0.7376,0.0928,0.1152,0.7394,0.1455
2013-10-01,1,0.1779,0.7345,0.0875,0.1152,0.7394,0.1455
2013-11-05,1,0.1631,0.7397,0.0972,0.1152,0.7394,0.1455
2013-12-03,1,0.1666,0.7386,0.0948,0.1152,0.7394,0.1455
2014-02-04,1,0.2105,0.7238,0.0658,0.1193,0.7443,0.1364
2014-03-04,1,0.2093,0.7244,0.0663,0.1193,0.7443,0.1364
2014-04-01,1,0.2085,0.7248,0.0666,0.1193,0.7443,0.1364
2014-05-06,1,0.2083,0.725,0.0667,0.1193,0.7443,0.1364
2014-06-03,1,0.2008,0.729,0.0702,0.1193,0.7443,0.1364
2014-07-01,1,0.2078,0.7252,0.067,0.1193,0.7443,0.1364
2014-08-05,1,0.1959,0.7315,0.0726,0.1193,0.7443,0.1364
2014-09-02,1,0.2024,0.7281,0.0695,0.1193,0.7443,0.1364
2014-10-07,1,0.1949,0.732,0.0731,0.1193,0.7443,0.1364
2014-11-04,1,0.1642,0.745,0.0908,0.1193,0.7443,0.1364
2014-12-02,1,0.1762,0.7405,0.0834,0.1193,0.7443,0.1364
2015-02-03,0,0.1132,0.7666,0.1202,0.1123,0.7594,0.1283
2015-03-03,1,0.1251,0.7663,0.1086,0.1123,0.7594,0.1283
2015-04-07,1,0.1159,0.7667,0.1174,0.1123,0.7594,0.1283
2015-05-05,0,0.1508,0.7608,0.0884,0.1123,0.7594,0.1283
2015-06-02,1,0.1503,0.761,0.0887,0.1123,0.7594,0.1283
2015-07-07,1,0.14,0.7638,0.0962,0.1123,0.7594,0.1283
2015-08-04,1,0.1541,0.7598,0.0862,0.1123,0.7594,0.1283
2015-09-01,1,0.1689,0.7541,0.077,0.1123,0.7594,0.1283
2015-10-06,1,0.1574,0.7586,0.084,0.1123,0.7594,0.1283
2015-11-03,1,0.1447,0.7626,0.0927,0.1123,0.7594,0.1283
2015-12-01,1,0.1302,0.7657,0.1041,0.1123,0.7594,0.1283
2016-02-02,1,0.138,0.7678,0.0942,0.1162,0.7626,0.1212
2016-03-01,1,0.1544,0.7629,0.0828,0.1162,0.7626,0.1212
2016-04-05,1,0.1364,0.7682,0.0954,0.1162,0.7626,0.1212
2016-05-03,0,0.1191,0.7706,0.1103,0.1162,0.7626,0.1212
2016-06-07,1,0.1136,0.7708,0.1156,0.1162,0.7626,0.1212
2016-07-05,1,0.118,0.7707,0.1113,0.1162,0.7626,0.1212
2016-08-02,0,0.1117,0.7707,0.1176,0.1162,0.7626,0.1212
2016-09-06,1,0.1112,0.7707,0.1181,0.1162,0.7626,0.1212
2016-10-04,1,0.1063,0.7703,0.1234,0.1162,0.7626,0.1212
2016-11-01,1,0.1408,0.7671,0.0921,0.1162,0.7626,0.1212
2016-12-06,1,0.1348,0.7685,0.0967,0.1162,0.7626,0.1212
2017-02-07,1,0.1671,0.76,0.0729,0.1196,0.7656,0.1148
2017-03-07,1,0.1597,0.7632,0.0771,0.1196,0.7656,0.1148
2017-04-04,1,0.1723,0.7576,0.07,0.1196,0.7656,0.1148
2017-05-02,1,0.1756,0.756,0.0684,0.1196,0.7656,0.1148
2017-06-06,1,0.1614,0.7625,0.0761,0.1196,0.7656,0.1148
2017-07-04,1,0.161,0.7627,0.0764,0.1196,0.7656,0.1148
2017-08-01,1,0.1689,0.7592,0.0719,0.1196,0.7656,0.1148
2017-09-05,1,0.1684,0.7594,0.0721,0.1196,0.7656,0.1148
2017-10-03,1,0.1613,0.7625,0.0762,0.1196,0.7656,0.1148
2017-11-07,1,0.1454,0.7683,0.0863,0.1196,0.7656,0.1148
2017-12-05,1,0.1393,0.7701,0.0906,0.1196,0.7656,0.1148
2018-02-06,1,0.1366,0.7803,0.083,0.1136,0.7773,0.1091
2018-03-06,1,0.1308,0.782,0.0872,0.1136,0.7773,0.1091
2018-04-03,1,0.1363,0.7804,0.0832,0.1136,0.7773,0.1091
2018-05-01,1,0.1307,0.782,0.0873,0.1136,0.7773,0.1091
2018-06-05,1,0.1364,0.7804,0.0832,0.1136,0.7773,0.1091
2018-07-03,1,0.1253,0.7832,0.0915,0.1136,0.7773,0.1091
2018-08-07,1,0.1159,0.7847,0.0994,0.1136,0.7773,0.1091
2018-09-04,1,0.1162,0.7846,0.0992,0.1136,0.7773,0.1091
2018-10-02,1,0.1166,0.7846,0.0988,0.1136,0.7773,0.1091
2018-11-06,1,0.1063,0.7851,0.1086,0.1136,0.7773,0.1091
2018-12-04,1,0.1069,0.7851,0.108,0.1136,0.7773,0.1091
2019-02-05,1,0.1113,0.7951,0.0936,0.1082,0.7879,0.1039
2019-03-05,1,0.1173,0.7942,0.0885,0.1082,0.7879,0.1039
2019-04-02,1,0.1128,0.7949,0.0923,0.1082,0.7879,0.1039
2019-05-07,1,0.1039,0.7956,0.1004,0.1082,0.7879,0.1039
2019-06-04,0,0.1095,0.7953,0.0952,0.1082,0.7879,0.1039
2019-07-02,0,0.1101,0.7952,0.0947,0.1082,0.7879,0.1039
2019-08-06,1,0.1055,0.7956,0.0989,0.1082,0.7879,0.1039
2019-09-03,1,0.1062,0.7955,0.0982,0.1082,0.7879,0.1039
2019-10-01,0,0.1069,0.7955,0.0976,0.1082,0.7879,0.1039
2019-11-05,1,0.115,0.7946,0.0905,0.1082,0.7879,0.1039
2019-12-03,1,0.1214,0.7933,0.0853,0.1082,0.7879,0.1039
2020-02-04,1,0.1351,0.7879,0.0771,0.1157,0.7851,0.0992
2020-03-03,0,0.1547,0.7799,0.0653,0.1157,0.7851,0.0992
2020-04-07,1,0.1433,0.7849,0.0719,0.1157,0.7851,0.0992
2020-05-05,1,0.1582,0.7783,0.0635,0.1157,0.7851,0.0992
2020-06-02,1,0.2406,0.7253,0.0341,0.1157,0.7851,0.0992
2020-07-07,1,0.3018,0.6759,0.0223,0.1157,0.7851,0.0992
2020-08-04,1,0.3149,0.6647,0.0204,0.1157,0.7851,0.0992
2020-09-01,1,0.3132,0.6662,0.0206,0.1157,0.7851,0.0992
2020-10-06,1,0.2569,0.7127,0.0304,0.1157,0.7851,0.0992
2020-11-03,0,0.2389,0.7265,0.0345,0.1157,0.7851,0.0992
2020-12-01,1,0.2375,0.7276,0.0349,0.1157,0.7851,0.0992
2021-02-02,1,0.2422,0.7251,0.0327,0.1186,0.7866,0.0949
2021-03-02,1,0.2195,0.742,0.0385,0.1186,0.7866,0.0949
2021-04-06,1,0.1915,0.761,0.0475,0.1186,0.7866,0.0949
2021-05-04,1,0.1795,0.7684,0.0521,0.1186,0.7866,0.0949
2021-06-01,1,0.1671,0.7754,0.0575,0.1186,0.7866,0.0949
2021-07-06,1,0.1444,0.7863,0.0693,0.1186,0.7866,0.0949
2021-08-03,1,0.1471,0.7852,0.0677,0.1186,0.7866,0.0949
2021-09-07,1,0.1317,0.791,0.0773,0.1186,0.7866,0.0949
2021-10-05,1,0.1274,0.7923,0.0802,0.1186,0.7866,0.0949
2021-11-02,1,0.1608,0.7787,0.0605,0.1186,0.7866,0.0949
2021-12-07,1,0.1928,0.7602,0.047,0.1186,0.7866,0.0949
2022-02-01,1,0.1075,0.8036,0.0889,0.1136,0.7955,0.0909
2022-03-01,1,0.1086,0.8035,0.0879,0.1136,0.7955,0.0909
2022-04-05,1,0.1014,0.8042,0.0944,0.1136,0.7955,0.0909
2022-05-03,2,0.1044,0.804,0.0916,0.1136,0.7955,0.0909
2022-06-07,2,0.1014,0.8042,0.0944,0.1136,0.7955,0.0909
2022-07-05,2,0.1068,0.8037,0.0895,0.1136,0.7955,0.0909
2022-08-02,2,0.0915,0.804,0.1045,0.1136,0.7955,0.0909
2022-09-06,2,0.089,0.8037,0.1073,0.1136,0.7955,0.0909
2022-10-04,2,0.0903,0.8038,0.1059,0.1136,0.7955,0.0909
2022-11-01,2,0.0691,0.7964,0.1345,0.1136,0.7955,0.0909
2022-12-06,2,0.064,0.7928,0.1432,0.1136,0.7955,0.0909
2023-02-07,2,0.0016,0.3442,0.6542,0.1091,0.7745,0.1164
2023-03-07,2,0.0019,0.3634,0.6348,0.1091,0.7745,0.1164
2023-04-04,1,0.0018,0.3578,0.6404,0.1091,0.7745,0.1164
2023-05-02,2,0.0063,0.516,0.4778,0.1091,0.7745,0.1164
2023-06-06,2,0.0068,0.5273,0.4659,0.1091,0.7745,0.1164
2023-07-04,1,0.0065,0.5213,0.4722,0.1091,0.7745,0.1164
2023-08-01,1,0.0238,0.6927,0.2835,0.1091,0.7745,0.1164
2023-09-05,1,0.0269,0.7068,0.2663,0.1091,0.7745,0.1164
2023-10-03,1,0.0272,0.7084,0.2643,0.1091,0.7745,0.1164
2023-11-07,2,0.0453,0.7601,0.1945,0.1091,0.7745,0.1164
2023-12-05,1,0.0503,0.7686,0.1811,0.1091,0.7745,0.1164
2024-02-06,1,0.0783,0.7953,0.1264,0.1049,0.7657,0.1294
2024-03-19,1,0.0824,0.7968,0.1208,0.1049,0.7657,0.1294
2024-05-07,1,0.0676,0.7892,0.1432,0.1049,0.7657,0.1294
2024-06-18,1,0.0746,0.7935,0.1319,0.1049,0.7657,0.1294
2024-08-06,1,0.0506,0.7709,0.1785,0.1049,0.7657,0.1294
2024-09-24,1,0.0536,0.7751,0.1712,0.1049,0.7657,0.1294
2024-11-05,1,0.0656,0.7877,0.1467,0.1049,0.7657,0.1294
2024-12-10,1,0.0693,0.7904,0.1403,0.1049,0.7657,0.1294
2025-02-18,0,0.0962,0.8053,0.0986,0.102,0.7721,0.1259
2025-04-01,1,0.1018,0.8051,0.0931,0.102,0.7721,0.1259
2025-05-20,0,0.1107,0.8041,0.0853,0.102,0.7721,0.1259
2025-07-08,1,0.1145,0.8033,0.0822,0.102,0.7721,0.1259
2025-08-12,0,0.1257,0.8003,0.074,0.102,0.7721,0.1259
2025-09-30,1,0.1255,0.8003,0.0742,0.102,0.7721,0.1259
2025-11-04,1,0.1038,0.805,0.0912,0.102,0.7721,0.1259
2025-12-09,1,0.1014,0.8051,0.0935,0.102,0.7721,0.1259
2026-02-03,2,0.062,0.7864,0.1516,0.1093,0.7682,0.1225
2026-03-17,2,0.063,0.7873,0.1498,0.1093,0.7682,0.1225
2026-05-05,2,0.0645,0.7886,0.1469,0.1093,0.7682,0.1225
2026-06-16,1,0.0708,0.793,0.1362,0.1093,0.7682,0.1225
2026-08-11,1,0.0787,0.797,0.1243,0.1093,0.7682,0.1225
2026-09-29,2,0.0855,0.7992,0.1153,0.1093,0.7682,0.1225
