date,product,symbol,month,settle,volume,cash_rate
2026-10-05,IB,IBV2026,2026-10,95.405,0,4.6
2026-10-05,IB,IBX2026,2026-11,95.36,90,4.6
2026-10-05,IB,IBZ2026,2026-12,95.33,101,4.6
2026-10-05,IB,IBF2027,2027-01,95.32,0,4.6
2026-10-05,IB,IBG2027,2027-02,95.265,0,4.6
2026-10-05,IB,IBH2027,2027-03,95.22,0,4.6
2026-10-05,IB,IBJ2027,2027-04,95.17,0,4.6
2026-10-05,IB,IBK2027,2027-05,95.13,0,4.6
2026-10-05,IB,IBM2027,2027-06,95.115,0,4.6
2026-10-05,IB,IBN2027,2027-07,95.11,0,4.6
2026-10-05,IB,IBQ2027,2027-08,95.11,0,4.6
2026-10-05,IB,IBU2027,2027-09,95.11,0,4.6
2026-10-05,IB,IBV2027,2027-10,95.115,0,4.6
2026-10-05,IB,IBX2027,2027-11,95.125,0,4.6
2026-10-05,IB,IBZ2027,2027-12,95.135,0,4.6
2026-10-05,IB,IBF2028,2028-01,95.145,0,4.6
2026-10-05,IB,IBG2028,2028-02,95.17,0,4.6
2026-10-05,IB,IBH2028,2028-03,95.175,0,4.6
2026-10-05,YT,YTZ2026,2026-12,95.09,102830,4.6
2026-10-05,YT,YTH2027,2027-03,95.035,0,4.6
2026-10-05,XT,XTZ2026,2026-12,94.625,110822,4.6
2026-10-05,XT,XTH2027,2027-03,94.625,0,4.6
