kind,slug,reference,released
cpi,sep-2019,2019-09,2019-10-30
cpi,dec-2019,2019-12,2020-01-29
cpi,mar-2020,2020-03,2020-04-29
cpi,jun-2020,2020-06,2020-07-29
cpi,sep-2020,2020-09,2020-10-28
cpi,dec-2020,2020-12,2021-01-27
cpi,mar-2021,2021-03,2021-04-28
cpi,jun-2021,2021-06,2021-07-28
cpi,sep-2021,2021-09,2021-10-27
cpi,dec-2021,2021-12,2022-01-25
cpi,mar-2022,2022-03,2022-04-27
cpi,jun-2022,2022-06,2022-07-27
cpi,sep-quarter-2022,2022-09,2022-10-26
cpi,dec-quarter-2022,2022-12,2023-01-25
cpi,mar-quarter-2023,2023-03,2023-04-26
cpi,jun-quarter-2023,2023-06,2023-07-26
cpi,sep-quarter-2023,2023-09,2023-10-25
cpi,dec-quarter-2023,2023-12,2024-01-31
cpi,mar-quarter-2024,2024-03,2024-04-24
cpi,jun-quarter-2024,2024-06,2024-07-31
cpi,sep-quarter-2024,2024-09,2024-10-30
cpi,dec-quarter-2024,2024-12,2025-01-29
cpi,mar-quarter-2025,2025-03,2025-04-30
cpi,jun-quarter-2025,2025-06,2025-07-30
cpi,sep-quarter-2025,2025-09,2025-10-29
cpi,oct-2025,2025-10,2025-11-26
cpi,dec-2025,2025-12,2026-01-28
cpi,jan-2026,2026-01,2026-02-25
cpi,feb-2026,2026-02,2026-03-25
cpi,mar-2026,2026-03,2026-04-29
cpi,apr-2026,2026-04,2026-05-27
cpi,may-2026,2026-05,2026-06-24
cpi,jun-2026,2026-06,2026-07-29
cpi,jul-2026,2026-07,2026-08-26
cpi,aug-2026,2026-08,2026-09-30
labour,dec-2019,2019-12,2020-01-23
labour,jan-2020,2020-01,2020-02-20
labour,feb-2020,2020-02,2020-03-19
labour,mar-2020,2020-03,2020-04-16
labour,apr-2020,2020-04,2020-05-14
labour,may-2020,2020-05,2020-06-18
labour,jun-2020,2020-06,2020-07-16
labour,jul-2020,2020-07,2020-08-13
labour,aug-2020,2020-08,2020-09-17
labour,sep-2020,2020-09,2020-10-15
labour,oct-2020,2020-10,2020-11-19
labour,nov-2020,2020-11,2020-12-17
labour,dec-2020,2020-12,2021-01-21
labour,jan-2021,2021-01,2021-02-18
labour,feb-2021,2021-02,2021-03-18
labour,mar-2021,2021-03,2021-04-15
labour,apr-2021,2021-04,2021-05-20
labour,may-2021,2021-05,2021-06-17
labour,jun-2021,2021-06,2021-07-15
labour,jul-2021,2021-07,2021-08-19
labour,aug-2021,2021-08,2021-09-16
labour,sep-2021,2021-09,2021-10-14
labour,oct-2021,2021-10,2021-11-11
labour,nov-2021,2021-11,2021-12-16
labour,dec-2021,2021-12,2022-01-20
labour,jan-2022,2022-01,2022-02-17
labour,feb-2022,2022-02,2022-03-17
labour,mar-2022,2022-03,2022-04-14
labour,apr-2022,2022-04,2022-05-19
labour,may-2022,2022-05,2022-06-16
labour,jun-2022,2022-06,2022-07-14
labour,jul-2022,2022-07,2022-08-18
labour,aug-2022,2022-08,2022-09-15
labour,sep-2022,2022-09,2022-10-20
labour,oct-2022,2022-10,2022-11-17
labour,nov-2022,2022-11,2022-12-15
labour,dec-2022,2022-12,2023-01-19
labour,jan-2023,2023-01,2023-02-16
labour,feb-2023,2023-02,2023-03-16
labour,mar-2023,2023-03,2023-04-13
labour,apr-2023,2023-04,2023-05-18
labour,may-2023,2023-05,2023-06-15
labour,jun-2023,2023-06,2023-07-20
labour,jul-2023,2023-07,2023-08-17
labour,aug-2023,2023-08,2023-09-14
labour,sep-2023,2023-09,2023-10-19
labour,oct-2023,2023-10,2023-11-16
labour,nov-2023,2023-11,2023-12-14
labour,dec-2023,2023-12,2024-01-18
labour,jan-2024,2024-01,2024-02-15
labour,feb-2024,2024-02,2024-03-21
labour,mar-2024,2024-03,2024-04-18
labour,apr-2024,2024-04,2024-05-16
labour,may-2024,2024-05,2024-06-13
labour,jun-2024,2024-06,2024-07-18
labour,jul-2024,2024-07,2024-08-15
labour,aug-2024,2024-08,2024-09-19
labour,sep-2024,2024-09,2024-10-17
labour,oct-2024,2024-10,2024-11-14
labour,nov-2024,2024-11,2024-12-12
labour,dec-2024,2024-12,2025-01-16
labour,jan-2025,2025-01,2025-02-20
labour,feb-2025,2025-02,2025-03-20
labour,mar-2025,2025-03,2025-04-17
labour,apr-2025,2025-04,2025-05-15
labour,may-2025,2025-05,2025-06-19
labour,jun-2025,2025-06,2025-07-17
labour,jul-2025,2025-07,2025-08-14
labour,aug-2025,2025-08,2025-09-18
labour,sep-2025,2025-09,2025-10-16
labour,oct-2025,2025-10,2025-11-13
labour,nov-2025,2025-11,2025-12-11
labour,dec-2025,2025-12,2026-01-22
labour,jan-2026,2026-01,2026-02-19
labour,feb-2026,2026-02,2026-03-19
labour,mar-2026,2026-03,2026-04-16
labour,apr-2026,2026-04,2026-05-21
labour,may-2026,2026-05,2026-06-25
labour,jun-2026,2026-06,2026-07-23
labour,jul-2026,2026-07,2026-08-20
labour,aug-2026,2026-08,2026-09-24
